key,zh,en,th
用户名,用户名,,ชื่อผู้ใช้
密码,密码,,รหัสผ่าน
登录,登录,log on,เข้าสู่ระบบ
登录成功,登录成功,,เข้าสู่ระบบเรียบร้อย
退出登录,退出登录,Log out,ออกจากระบบ
选择图片,选择图片,,เลือกรูปภาพ
当前路径,当前路径,,พาธปัจจุบัน
已存在文件,已存在文件,,มีไฟล์อยู่แล้ว
请输入,请输入,Enter,กรุณากรอก
请选择,请选择,Please select,กรุณาเลือก
修改密码,修改密码,Change Password,แก้ไขรหัสผ่าน
取消,取消,,ยกเลิก
确定,确定,,ยืนยัน
旧密码,旧密码,Old password,รหัสผ่านเก่า
新密码,新密码,Password,รหัสผ่านใหม่
确认密码,确认密码,Confirm Password,ยืนยันรหัสผ่าน
保存,保存,save,บันทึก
请填写旧密码,请填写旧密码,Please fill in the old password,กรุณากรอกรหัสผ่านเก่า
请填写新密码,请填写新密码,Please fill in the new password,กรุณากรอกรหัสผ่านใหม่
请再次确认密码,请再次确认密码,Please confirm the password again,กรุณายืนยันรหัสผ่านอีกครั้ง
修改成功,修改成功,,แก้ไขสำเร็จ
搜索,搜索,search for,ค้นหา
导出,导出,,นำออก
手机号,手机号,,เบอร์โทร
银行卡号,银行卡号,,เลขที่บัญชี
真实姓名,真实姓名,,ชื่อ-สกุล
trueMoney姓名,trueMoney姓名,,ชื่อ-สกุลTrueMoney
状态,状态,,สถานะ
全部,全部,,ทั้งหมด
正常,正常,,ปกติ
封禁,封禁,,แบน
注册日期,注册日期,,วันที่ลงทะเบียน
登录日期,登录日期,,วันที่เข้าสู่ระบบ
至,至,,ถึง
结束日期,结束日期,,วันที่สิ้นสุด
开始日期,开始日期,,วันที่เริ่มต้น
详情,详情,,รายละเอียด
用户名,用户名,,ชื่อผู้ใช้
携带金币,携带金币,,เหรียญที่พกพา
银行金币,银行金币,,เหรียญในธนาคาร
充值金币总和,充值金币总和,,ยอดเติมทั้งหมด
提现金币总和,提现金币总和,,ยอดถอนทั้งหมด
VIP等级,VIP等级,,ระดับ VIP
最大VIP等级,最大VIP等级,,ระดับ VIPสูงสุด
注册时间,注册时间,,วันที่ลงทะเบียน
最后登录时间,最后登录时间,,เข้าสู่ระบบล่าสุด
操作,操作,,ดำเนินการ
用户列表,用户列表,,รายการผู้ใช้
玩家信息,玩家信息,,รายละเอียดผู้เล่น
昵称,昵称,,ชื่อเล่น
性别,性别,,เพศ
生日,生日,,วันเกิด
身份证,身份证,,เลขบัตรประชาชน
剩余转转乐次数,剩余转转乐次数,,คงเหลือหมุนวงล้อหรรษา
转转乐积分余额,转转乐积分余额,,คงเหลือคะแนนสะสมวงล้อหรรษา
上级代理ID,上级代理ID,,IDตัวแทนระดับบน
成长值,成长值,,ค่าเติบโต
周成长值,周成长值,,ค่าเติบโตรายสัปดาห์
最后登陆时间,最后登陆时间,,เข้าสู่ระบบครั้งสุดท้าย
登陆IP,登陆IP,,IPที่ใช้เข้าระบบ
复制,复制,,คัดลอก
男,男,,ชาย
女,女,,หญิง
金币数据,金币数据,,ข้อมูลเหรียญ
金币总额,金币总额,,จำนวนเหรียญทั้งหมด
可提现金币,可提现金币,,เหรียญที่สามารถถอนได้
总流水,总流水,,ยอดเทิร์นทั้งหมด
锁金,锁金,,ล็อคเหรียญ
锁水,锁水,,ล็อคเทิร์น
剩余提现额度,剩余提现额度,,จำนวนเงินที่สามารถถอนได้
当日的剩余提现额度,当日的剩余提现额度,,จำนวนเงินที่สามารถถอนได้ในวันนี้
充值到帐金币,充值到帐金币,,เหรียญที่ได้รับ
成功的提现申请总额,成功的提现申请总额,,จำนวนเงินถอนทั้งหมด
提现待处理金币,提现待处理金币,,จำนวนเงินถอนที่รอดำเนินการ
提现退回金币,提现退回金币,,คืนเหรียญถอน
提现手续费,提现手续费,,ค่าธรรมเนียมถอน
充值的总手续费,充值的总手续费,,ค่าธรรมเนียมฝากทั้งหมด
绑定信息,绑定信息,,ผูกข้อมูล
银行名称,银行名称,,ชื่อธนาคาร
银行账号,银行账号,,เลขที่บัญชี
Truemoney帐号,Truemoney帐号,,เบอร์TrueMoney
Truemoney真实姓名,Truemoney真实姓名,,ชื่อ-สกุลTrueMoney
设备ID,设备ID,,IDอุปกรณ์
是否白名单,是否白名单,,Whitelist ใช่หรือไม่
渠道号,渠道号,,เลขช่องทาง
直属下级人数,直属下级人数,,จำนวนระดับล่าง
停封账号,停封账号,,แบนบัญชี
当前状态,当前状态,,สถานะปัจจุบัน
备注,备注,,หมายเหตุ
解封,解封,,ปลดแบน
设置生日,设置生日,,ลงทะเบียนวันเกิด
提交,提交,,กดส่ง
金币流水管理,金币流水管理,,การจัดการเหรียญ/ยอดเทิร์น
三个类型,三个类型输入+值代表加相应值，-值代表减相应值！,,ป้อนข้อมูล3ช่อง
账户携带金币,账户携带金币,,เหรียญที่พกพา(ที่มีอยู่)
账户保险箱金币,账户保险箱金币,,เหรียญในตู้เซฟ
金币业绩流水,金币业绩流水,,ยอดเทิร์น
提现解锁流水,提现解锁流水,,การจัดการเทิร์น/ถอน
赠送金币,赠送金币,,เหรียญแถม
锁定金币,锁定金币,,เหรียญที่ล็อค
提现限制流水,提现限制流水,,ยอดเทิร์น
当前总金币,当前总金币,,เหรียญปัจจุบันทั้งหมด
三个类型2,三个类型输入+值代表加相应值，-值代表减相应值，输入值为加减值，并非最终值！,,ป้อนข้อมูล3ช่อง
重置账户信息,重置账户信息,,รีเซ็ตข้อมูลบัญชี
重置类别,重置类别,,รีเซ็ตประเภท
重置银行卡信息,重置银行卡信息,,รีเซ็ตข้อมูลธนาคาร
重置登陆密码,重置登陆密码,,รีเซ็ตรหัสผ่าน
重置Truemoney信息,重置Truemoney信息,,รีเซ็ตข้อมูลTrueMoney
重置手机号,重置手机号,,รีเซ็ตเบอร์โทร
手机号修改,手机号修改,,แก้ไขเบอร์โทร
用户成长值修改,用户成长值修改,,แก้ไขค่าการเติบโต
用户成长值修改text,输入+值代表加相应成长值，-值代表减相应成长值！,,แก้ไขค่าการเติบโตtext
转转乐积分修改,转转乐积分修改,,แก้ไขคะแนนสะสมวงล้อหรรษา
积分,积分,,คะแนนสะสม
转转乐积分修改text,输入+值代表加相应积分，-值代表减相应积分！,,แก้ไขคะแนนสะสมวงล้อหรรษาtext
转转乐次数修改,转转乐次数修改,,แก้ไขจำนวนครั้งวงล้อหรรษา
次数,次数,,จำนวนครั้ง
原因,原因,,สาเหตุ
绑定上级关系,绑定上级关系,,ผูกสายบน
上级ID,上级ID,,IDสายบน
搜索日期,搜索日期,,ค้นหาวันที่
用户ID,用户ID,,IDผู้ใช้
操作人,操作人,,ผู้ดำเนินการ
行为,行为,,พฤกติกรรม
时间,时间,,เวลา
类型,类型,,ประเภท
金币变化,金币变化,,การเปลี่ยนแปลงเหรียญ
银行变化,银行变化,,การเปลี่ยนแปลงธนาคาร
流水变化,流水变化,,การเปลี่ยนแปลงยอดเทิร์น
锁水变化,锁水变化,,การเปลี่ยนแปลงล็อคยอดเทิร์น
锁金变化,锁金变化,,การเปลี่ยนแปลงล็อคเหรียญ
流水/锁水/锁金,流水/锁水/锁金,,ยอดเทิร์น/ล็อคเทิร์น/ล็อคเหรียญ
未知,未知,,ไม่ทราบ
游戏,游戏,,เกม
保险箱,保险箱,,ตู้เซฟ
充值,充值,,เติมเงิน
提现,提现,,ถอนเงิน
后台,后台,,ระบบหลังบ้าน
退回金币,退回金币,,คืนเหรียญ
绑定手机,绑定手机,,ผูกเบอร์
生日奖励,生日奖励,,โบนัสวันเกิด
节日奖励,节日奖励,,โบนัสวันหยุด
开心转转乐,开心转转乐,,วงล้อหรรษา
输钱返还,输钱返还,,คืนยอดเสีย
下注返还,下注返还,,คืนยอดเดิมพัน
彩票,彩票,,หวย
vip宝箱,vip宝箱,,หีบสมบัติVIP
绑定推广金,绑定推广金,,รางวัลผูกเบอร์จากการแชร์
充值推广金,充值推广金,,รางวัลเติมเงินจากการแชร์
商城兑换,商城兑换,,อัตราแลกเปลี่ยน
平台,平台,,แพลตฟอร์ม
平台名,平台名,,ชื่อแพลตฟอร์ม
游戏类型,游戏类型,,ประเภทเกม
游戏ID,游戏ID,,IDเกม
游戏局号,游戏局号,,หมายเลขรอบเกม
消耗,消耗,,ใช้ไป
产出,产出,,ผลิตภัณฑ์
有效下注额,有效下注额,,ยอดเทิร์นที่สำเร็จ
下注时间,下注时间,,เวลาที่เดิมพัน
结算时间,结算时间,,เวลาที่คำนวณ
变更类型,变更类型,,ประเภทการเปลี่ยนแปลง
变更模式,变更模式,,รูปแบบการเปลี่ยนแปลง
收入,收入,,รายได้
支出,支出,,รายจ่าย
等级变更,等级变更,,การเปลี่ยนแปลงระดับ
变更后等级,变更后等级,,ระดับหลังการเปลี่ยนแปลง
成长值变化,成长值变化,,การเปลี่ยนแปลงค่าการเติบโต
成长值变更,成长值变更,,อัพเดทค่าการเติบโต
后台增加,后台增加,,เพิ่มโดยระบบ
后台扣除,后台扣除,,หักโดยระบบ
每周扣除,每周扣除,,หักทุกสัปดาห์
玩家数量,玩家数量,,จำนวนผู้เล่น
活跃数量,活跃数量,,จำนวนแอคทีฟ
领取宝箱数量,领取宝箱数量,,จำนวนผู้รับเหรียญหีบสมบัติ
领取宝箱金额,领取宝箱金额,,จำนวนเหรียญรับหีบสมบัติ
充值金额,充值金额,,จำนวนเงินเติม
提现金额,提现金额,,จำนวนเงินถอน
统计日期,统计日期,,วันที่สรุป
等级,等级,,ระดับ
电话号码,电话号码,,เบอร์โทร
总充值,总充值,,ยอดเติมทั้งหมด
总提现,总提现,,ยอดถอนทั้งหมด
总充提差,总充提差,,ส่วนต่างเติม/ถอน
玩家盈利金币,玩家盈利金币,,เหรียญที่ลูกค้าชนะ
回报率,回报率,,อัตราชนะ
带出时间,带出时间,,เวลานำออก
当日时间,当日时间,,เวลาปัจจุบัน
输钱,输钱,,แพ้
保险箱金币,保险箱金币,,เหรียญในตู้เซฟ
总金币,总金币,,เหรียญทั้งหมด
登录时间,登录时间,,เวลาเข้าสู่ระบบ
总库存金币,总库存金币,,เหรียญในระบบทั้งหมด
手动添加金币,手动添加金币,,เพิ่มเหรียญโดยแมนนวล
手动扣除金币,手动扣除金币,,หักเหรียญโดยแมนนวล
绑定手机次数,绑定手机次数,,จำนวนครั้งที่ผูกเบอร์
绑定手机奖励,绑定手机奖励,,รางวัลผูกเบอร์
每日投注返还,每日投注返还,,คืนยอดเดิมพันรายวัน
彩票奖励,彩票奖励,,รางวัลล็อตเตอรี่
推广奖励(绑定手机),推广奖励(绑定手机),,รางวัลจากการแชร์(สายล่างผูกเบอร์)
推广奖励(充值奖励),推广奖励(充值奖励),,รางวัลจากการแชร์(สายล่างเติมเงิน)
VIP宝箱奖励,VIP宝箱奖励,,รางวัลหีบสมบัติVIP
转转乐奖励,转转乐奖励,,รางวัลวงล้อหรรษา
输钱返金,输钱返金,,คืนยอดเสีย
生日奖金,生日奖金,,โบนัสวันเกิด
节日奖金,节日奖金,,โบนัสวันหยุด
日期,日期,,วันที่
游戏总流水,游戏总流水,,ยอดเทิร์นเกมทั้งหมด
充值到账金币,充值到账金币,,เหรียญที่ได้รับ
系统承担充值服务费,系统承担充值服务费,,ค่าบริการการเติมเงินที่ระบบรับผิดชอบ
充值人数,充值人数,,จำนวนคนเติม
充值次数,充值次数,,จำนวนครั้งที่เติม
付费率,付费率,,อัตราการชำระเงิน
首充总金额,首充总金额,,ยอดเติมครั้งแรกทั้งหมด
首充平均付费,首充平均付费,,ค่าเฉลี่ยต่อการเติมครั้งแรก
首充人数,首充人数,,จำนวนคนเติมครั้งแรก
有上级的首充人数,有上级的首充人数,,จำนวนผู้ฝากครั้งแรกของสมาชิกสายบน
提现通过金额,提现通过金额,,จำนวนเงินถอนที่อนุมัติ
提现到账金额,提现到账金额,,จำนวนเงินถอนที่ได้รับ
今日新增,今日新增,,ผู้เล่นเพิ่มใหม่วันนี้
新增未绑定上级,新增未绑定上级,,ผู้เล่นใหม่ที่ยังไม่ได้ผูกสายบน
新增绑定上级,新增绑定上级,,ผู้เล่นใหม่ที่ผูกสายบน
IOS新增,IOS新增,,ผู้เล่นใหม่จาก IOS
Android新增,Android新增,,ผู้เล่นใหม่จาก Android
今日活跃,今日活跃,,ผู้เล่นแอคทีฟ
次日存留,次日存留,,คงอยู่ในวันถัดไป
X日存留,{day}日存留,,คงอยู่Xวัน
付费次留,付费次留,,ค่าชำระต่อเนื่อง
付费X留,付费{day}留,,ค่าชำระXวัน
最高在线,最高在线,,ยอดออนไลน์สูงสุด
单日,单日,,วันเดียว
活跃,活跃,,แอคทีฟ
登录人次,登录人次,,จำนวนผู้เข้าสู่ระบบ
盈利人数,盈利人数,,จำนวนผู้ชนะ
总带入,总带入,,นำเข้าทั้งหมด
总带出,总带出,,นำออกทั้งหมด
总消耗,总消耗,,ใช้ไปทั้งหมด
总产出,总产出,,ผลิตภัณฑ์ทั้งหมด
平均消耗,平均消耗,,การใช้ไปเฉลี่ย
盈利率,盈利率,,อัตรากำไร
平台收益,平台收益,,รายได้แพลตฟอร์ม
总回报率,总回报率,,อัตราผลตอบแทนรวม
平台综合数据,平台综合数据,,ข้อมูลรวมของแพลตฟอร์ม
订单号,订单号,,เลขคำสั่งซื้อ
渠道,渠道,,ช่องทาง
第三方订单号,第三方订单号,,เลขคำสั่งซื้อช่องทางสาม
上分金额,上分金额,,จำนวนเงินเติม
充值渠道,充值渠道,,ช่องทางการเติม
申请时间,申请时间,,เวลากดส่งยอด
更新时间,更新时间,,เวลาสำเร็จ
是否补单,是否确定此条数据补单?,,ยืนยันเติมรายการนี้หรือไม่?
补单,补单,,เติมเหรียญ
付款信息,付款信息,,ข้อมูลการชำระเงิน
银行代码,银行代码,,รหัสธนาคาร
付款人,付款人,,ผู้ชำระเงิน
付款账号,付款账号,,เลขบัญชีผู้ชำระเงิน
收款信息,收款信息,,ข้อมูลผู้รับเงิน
收款人,收款人,,ชื่อผู้รับเงิน
收款账号,收款账号,,บัญชีผู้รับเงิน
充提详情,充提详情,,รายละเอียดเติม/ถอน
关闭,关闭,,ปิด
收款信息备注,收款信息备注,,หมายเหตุ
收款银行,收款银行,,ธนาคารผู้รับเงิน
收款金额,收款金额,,จำนวนเงินที่ได้รับ
流水号,流水号,,เลขสเตทเม้น
请选择收款银行,请选择收款银行,,กรุณาเลือกธนาคารที่รับชำระเงิน
请选择收款渠道,请选择收款渠道,,กรุณาเลือกช่องทางการรับชำระเงิน
收款渠道,收款渠道,,ช่องทางการชำระเงิน
请输入收款金额,请输入收款金额,,กรุณากรอกจำนวนเงิน
请输入流水号,请输入流水号,,กรุณากรอกเลขสเตทเม้น
请选择日期,请选择日期,,กรุณาเลือกวันที่
添加,添加,,เพิ่ม
删除,删除,,ลบ
查询并填写,查询并填写,,ค้นหาหรือกรอกข้อมูล
等待,等待,,รอดำเนินการ
成功,成功,,สำเร็จ
失败,失败,,ล้มเหลว
操作成功,操作成功,,การดำเนินการสำเร็จ
提交金额,提交金额,,จำนวนเงินที่กดส่ง
手续费,手续费,,ค่าธรรมเนียม
付款金额,付款金额,,จำนวนเงินที่ชำระ
提现渠道,提现渠道,,ช่องทางถอน
是否首次提现,是否首次提现,,เป็นการถอนครั้งแรกหรือไม่
是,是,,ใช่
否,否,,ไม่ใช่
今日剩余额度,今日剩余额度,,จำนวนเงินคงเหลือที่ถอนได้วันนี้
审核状态,审核状态,,สถานะ
是否审核,是否通过此条审核?,,อนุมัติรายการนี้หรือไม่
通过,通过,,อนุมัติ
拒绝,拒绝,,ปฎิเสธ
审核,审核,,ตรวจสอบ
用户收款信息,用户收款信息,,ข้อมูลบัญชีลูกค้า
请填写原因,请填写原因,,กรุณาระบุสาเหตุ
支付状态,支付状态,,สถานะการชำระเงิน
是否退回,此条数据是否退回金币?,,ยืนยันคืนเหรียญหรือไม่
退回,退回,,คืนเหรียญ
处理,处理,,ดำเนินการ
申请总额,申请总额,,จำนวนเงินกดส่งทั้งหมด
到帐总额,到帐总额,,จำนวนเงินเข้าบัญชีทั้งหมด
未支付金额,未支付金额,,จำนวนเงินที่ไม่ได้ชำระ
金额,金额,,จำนวนเงิน
提现次数,提现次数,,จำนวนครั้งถอน
VIP自动充值,VIP自动充值,,ช่องทางVIP
truemoney自动充值,truemoney自动充值,,ช่องทางTrue Money
充值渠道名称,充值渠道名称,,ชื่อช่องทางเติมเงิน
是否开启,是否开启,,เปิดหรือไม่
最小充值金额,最小充值金额,,จำนวนเงินฝากขั้นต่ำ
最大充值金额,最大充值金额,,จำนวนเงินฝากสูงสุด
位置,位置,,ตำแหน่ง
充值快捷金额组,充值快捷金额组,,กลุ่มเติมเงินด่วน
修改,修改,,แก้ไข
渠道名称,渠道名称,,รายชื่อช่องทาง
提现渠道名称,提现渠道名称,,ชื่อช่องทางถอนเงิน
最小提现金额,最小提现金额,,จำนวนเงินถอนขั้นต่ำ
最大提现金额,最大提现金额,,จำนวนเงินถอนสูงสุด
平台流水号,平台流水号,,เลขสเตทเม้นแพลตฟอร์ม
打款银行,打款银行,,ธนาคารที่โอนเงิน
收到流水订单时间,收到流水订单时间,,เวลาที่ได้รับเลขสเตทเม้น
玩家付款时间,玩家付款时间,,เวลาที่ลูกค้าชำระเงิน
成功匹配时间,成功匹配时间,,เวลาที่เติมเงินสำเร็จ
超时,超时,,เกินเวลา
重复,重复,,โอนซ้ำ
姓名,姓名,,ชื่อ-สกุล
卡号,卡号,,เลขที่บัญชี
银行短信号码,银行短信号码,,หมายเลขSMSธนาคาร
玩家ID尾号,玩家ID尾号,,IDเลขท้าย
是否删除,是否确定删除此项数据?,,ยืนยันลบรายการนี้หรือไม่
请选择银行,请选择银行,,กรุณาเลือกธนาคาร
请填写姓名,请填写姓名,,กรุณากรอกชื่อ-สกุล
请填写卡号,请填写卡号,,กรุณากรอกเลขที่บัญชี
请填写银行短信号码,请填写银行短信号码,,กรุณากรอกหมายเลขSMSธนาคาร
玩家真实姓名,玩家真实姓名,,ชื่อ-สกุล
重置类型,重置类型,,รีเซ็ตประเภท
退还金额,退还金额,,จำนวนเงินที่คืน
创建时间,创建时间,,เวลาที่สร้าง
退还时间,退还时间,,เวลาที่คืน
每日次数,每日次数,,จำนวนครั้งต่อวัน
VIP次数,VIP次数,,จำนวนครั้งVIP
积分变化,积分变化,,การเปลี่ยนแปลงคะแนนสะสม
玩家积分,玩家积分,,คะแนนสะสมของผู้เล่น
奖金数量,奖金数量,,จำนวนรางวัล
抽奖比例,抽奖比例,,อัตราส่วนการจับฉลาก
累计返还,累计返还,,คืนยอดเสียสะสม
输钱金额,输钱金额,,จำนวนเงินที่เสีย
返还金币,返还金币,,คืนยอดเสีย
是否全部发放,是否确定对以下数据进行全部发放？,,ยืนยันจ่ายรายการดังกล่าวทั้งหมดหรือไม่?
发放全部,发放全部,,จ่ายทั้งหมด
周结束时间,周结束时间,,เวลาสิ้นสุดของสัปดาห์
领取状态,领取状态,,สถานะการรับ
已领取,已领取,,ได้รับแล้ว
未领取,未领取,,ยังไม่ได้รับ
返还比例,返还比例,,อัตราส่วนคืนยอดเสีย
是否发放,是否确定此项数据进行发放?,,ยืนยันจ่ายรายการนี้หรือไม่?
发放,发放,,จ่าย
累计充值,累计充值,,ยอดเติมสะสม
累计奖励,累计奖励,,รางวัลสะสม
期数,期数,,ระยะเวลา
合计投注,合计投注,,ยอดเดิมพันรวม
奖励金额,奖励金额,,จำนวนเงินรางวัล
电子投注,电子投注,,การเดิมพันสล็อต
捕鱼投注,捕鱼投注,,การเดิมพันยิงปลา
真人投注,真人投注,,การเดิมพันคาสิโนสด
体育投注,体育投注,,การเดิมพันกีฬา
棋牌投注,棋牌投注,,การเดิมพันเกมไพ่
电子总返水,电子总返水,,คืนยอดเสียสล็อตทั้งหมด
捕鱼总返水,捕鱼总返水,,คืนยอดเสียยิงปลาทั้งหมด
真人总返水,真人总返水,,คืนยอดเสียคาสิโนสดทั้งหมด
体育总返水,体育总返水,,คืนยอดเสียกีฬาทั้งหมด
棋牌总返水,棋牌总返水,,คืนยอดเสียเกมไพ่ทั้งหมด
平台总返水,平台总返水,,คืนยอดเสียของแพลตฟอร์มทั้งหมด
累计返水,累计返水,,คืนยอดเสียสะสม
获得积分,获得积分,,ได้รับคะแนน
名称,名称,,ชื่อ-สกุล
新增商品,新增商品,,สินค้าเพิ่มใหม่
商品名称,商品名称,,ชื่อสินค้า
商品图片,商品图片,,รูปภาพสินค้า
数量,数量,,จำนวน
库存,库存,,สินค้าคงคลัง
库存设置,库存设置,,ตั้งค่าสินค้าคงคลัง
商品,商品,,สินค้า
商品类型,商品类型,,ประเภทสินค้า
金币,金币,,เหรียญ
实物,实物,,สิ่งของจริง
商品数量,商品数量,,จำนวนสินค้า
兑换积分,兑换积分,,แลกคะแนน
商品库存,商品库存,,สินค้าคงคลัง
兑换等级,兑换等级,,ระดับการแลกเปลี่ยน
是否启用,是否启用,,เปิดใช้งานหรือไม่
请填写商品名称,请填写商品名称,,กรุณากรอกชื่อสินค้า
请填写奖品库存,请填写奖品库存,,กรุณากรอกรางวัลสินค้าคงเหลือ
请填写价格,请填写价格,,กรุณากรอกราคา
请选择VIP等级,请选择VIP等级,,กรุณาเลือกระดับVIP
请填写奖品数量,请填写奖品数量,,กรุณากรอกจำนวนรางวัลสินค้า
请选择是否商品类型,请选择是否商品类型,,กรุณาเลือกประเภทสินค้าว่าใช่หรือไม่
请选择是否启用,请选择是否启用,,กรุณาเลือกเปิดใช้งานหรือไม่?
请填写数量,请填写数量,,กรุณากรอกจำนวน
奖品ID,奖品ID,,IDรางวัลสินค้า
奖品名称,奖品名称,,ชื่อรางวัลสินค้า
兑换数量,兑换数量,,จำนวนที่แลกเปลี่ยน
单份奖品数量,单份奖品数量,,จำนวนรางวัลสินค้าต่อหนึ่งรางวัล
已处理,已处理,,ดำเนินการแล้ว
未处理,未处理,,ยังไม่ได้ดำเนินการ
变更数量,变更数量,,จำนวนการเปลี่ยนแปลง
变更原因,变更原因,,สาเหตุการเปลี่ยนแปลง
变更详情,变更详情,,รายละเอียดการเปลี่ยนแปลง
幸运号码,幸运号码,,เลขนำโชค
彩票数量,彩票数量,,จำนวนล็อตเตอรี่
玩家彩票奖励,玩家彩票奖励,,รางวัลล็อตเตอรี่ของผู้เล่น
机器人彩票奖励,机器人彩票奖励,,รางวัลล็อตเตอรี่ของบอท
奖励类型,奖励类型,,ประเภทรางวัล
兑换失败原因,兑换失败原因,,สาเหตุการแลกเปลี่ยนล้มเหลว
是否虚拟,是否虚拟,,ใช่การจำลองหรือไม่
领取时间,领取时间,,เวลาได้รับ
下级人数,下级人数,,จำนวนคนสายล่าง
下级绑定手机数量,下级绑定手机数量,,จำนวนคนผูกเบอร์สายล่าง
下级充值次数,下级充值次数,,จำนวนครั้งที่เติมเงินสายล่าง
下级充值金额,下级充值金额,,จำนวนเงินเติมสายล่าง
下级绑定奖金,下级绑定奖金,,รางวัลผูกเบอร์สายล่าง
下级充值奖金,下级充值奖金,,รางวัลเติมเงินสายล่าง
下级累计奖励,下级累计奖励,,รางวัลสะสมสายล่าง
下级ID,下级ID,,IDสายล่าง
绑定IP,绑定IP,,ผูกIP
是否绑定手机,是否绑定手机,,ทำการผูกเบอร์หรือไม่?
绑定奖励,绑定奖励,,รางวัลผูกเบอร์
充值奖励,充值奖励,,รางวัลเติมเงิน
是否解绑,是否解绑,,ยกเลิกการผูกหรือไม่?
绑定时间,绑定时间,,เวลาผูก
数据ID,数据ID,,ข้อมูลID
绑定ID,绑定ID,,ผูกID
预警类型,预警类型,,ประเภทการแจ้งเตือน
预警状态,预警状态,,สถานะการแจ้งเตือน
是否豁免,是否确定豁免此项数据?,,ต้องการยกเว้นข้อมูลนี้หรือไม่?
豁免,豁免,,ยกเว้น
是否冻结,是否确定冻结此项数据?,,ต้องการระงับข้อมูลนี้หรือไม่?
冻结,冻结,,ระงับ
是否解除下级,是否确定此项数据解除下级?,,ต้องการยกเลิกการผูกสายล่างหรือไม่?
解除下级,解除下级,,ยกเลิกการผูกสายล่าง
超出预警,超出预警,,แจ้งเตือนเกิน
请填写备注,请填写备注,,กรุณาระบุหมายเหตุ
解绑时间,解绑时间,,เวลาเลิกผูก
解绑原因,解绑原因,,สาเหตุเลิกผูก
添加图标,添加图标,,เพิ่มไอคอน
同步,同步,,ซิงค์ข้อมูล
添加子图标,添加子图标,,เพิ่มไอคอนย่อย
所属平台,所属平台,,แพลตฟอร์มที่เกี่ยวข้อง
游戏平台ID,游戏平台ID,,IDแพลตฟอร์มเกม
图标名称,图标名称,,ชื่อไอคอน
图标状态,图标状态,,สถานะไอคอน
特效编号,特效编号,,รหัสเอฟเฟกต์
图标类型,图标类型,,ประเภทไอคอน
图标尺寸,图标尺寸,,ขนาดไอคอน
图标,图标,,ไอคอน
图片地址,图片地址,,ที่อยู่ไอคอน
包含图标,包含图标,,รวมถึงไอคอน
子图标,子图标,,ไอคอนรอง
正方形,正方形,,สี่เหลี่ยมจตุรัส
长方形,长方形,,สี่เหลี่ยมผืนผ้า
游戏图标,游戏图标,,ไอคอนเกม
平台图标，有子游戏,平台图标，有子游戏,,ไอคอนแพลตฟอร์มมีเกมย่อย
平台图标，无子游戏,平台图标，无子游戏,,ไอคอนแพลตฟอร์มไม่มีเกมย่อย
集合,集合,,จัดรวมกลุ่ม
轮播图，广告,轮播图，广告,,โฆษณา รูปสไลด์
隐藏,隐藏,,ซ่อน
维护,维护,,ปิดปรับปรุง
请填写所属平台,请填写所属平台,,กรุณากรอกแพลตฟอร์มที่เกี่ยวข้อง
请填写平台游戏ID,请填写平台游戏ID,,กรุณากรอกIDแพลตฟอร์มเกม
保存成功,保存成功,,บันทึกสำเร็จ
JSON文件名,JSON文件名,,ชื่อไฟล์JSON
高亮,高亮,,ไฮไลท์
查看历史,查看历史,,ดูประวัติ
历史记录,历史记录,,บันทึกประวัติ
配置文件列表,配置文件列表,,การกำหนดค่ารายการไฟล์
添加平台,添加平台,,เพิ่มแพลตฟอร์ม
模板,模板,,เทมเพลต
拉单间隔,拉单间隔,,ช่วงเวลาดึงรายการ
拉单延迟,拉单延迟,,ดึงรายการล่าช้า
跳过错误,跳过错误,,ข้ามข้อผิดพลาด
解锁延迟,解锁延迟,,ปลดล็อคล่าช้า
查看,查看,,ตรวจสอบ
创建平台,创建平台,,สร้างแพลตฟอร์ม
模板平台,模板平台,,เทมเพลตแพลตฟอร์ม
解锁延迟（分钟）,解锁延迟（分钟）,,ปลดล็อคล่าช้า(นาที)
拉单延迟（分钟）,拉单延迟（分钟）,,ดึงรายการล่าช้า(นาที)
拉单间隔（分钟）,拉单间隔（分钟）,,ช่วงเวลาดึงรายการ(นาที)
跳过拉单错误,跳过拉单错误,,ข้ามข้อผิดพลาดดึงรายการ
拉单出错后不管，直接拉最新的(jdb),拉单出错后不管，直接拉最新的(jdb),,ข้ามข้อผิดพลาดการดึงข้อมูลเก่าแล้วดึงข้อมูล(jdb)ใหม่ล่าสุด
拉取游戏,拉取游戏,,ดึงข้อมูลเกม
所属模板,所属模板,,เทมเพลตที่เกี่ยวข้อง
添加游戏,添加游戏,,เพิ่มเกม
游戏名,游戏名,,ชื่อเกม
图片,图片,,รูปภาพ
开启,开启,,เปิดใช้
排序,排序,,เรียงลำดับ
是否关闭,是否关闭,,ปิดหรือไม่
请填写GameID,请填写GameID,,กรุณากรอกIDเกม
请填写游戏名,请填写游戏名,,กรุณากรอกชื่อเกม
请选择图片,请选择图片,,กรุณาเลือกรูปภาพ
请选择所属模板,请选择所属模板,,กรุณาเลือกเทมเพลตที่เกี่ยวข้อง
请选择是否关闭,请选择是否关闭,,กรุณาเลือกกดปิดหรือไม่
请填写排序,请填写排序,,กรุณากรอกเรียงลำดับ
添加产品,添加产品,,การเพิ่มผลิตภัณฑ์
确定修改参数吗？,确定修改参数吗？,,ต้องการแก้ไขพารามิเตอร์หรือไม่?
玩家ID(可选),玩家ID(可选),,ID ผู้เล่น(เลือก)
查询,查询,query,ค้นหา
带出,带出,,นำออก
带入,带入,,นำเข้า
插入时间,插入时间,,เวลาแทรก
尝试次数,尝试次数,,จำนวนครั้งที่ทดลอง
排队中,排队中,,รอคิว
已处理，第三方有记录,已处理，第三方有记录,,ได้รับการดำเนินการแล้ว มีบันทึกจากช่องทางสาม
已处理，第三方无记录,已处理，第三方无记录,,ได้รับการดำเนินการแล้ว ไม่มีบันทึกจากช่องทางสาม
未处理，超时,未处理，超时,,ไม่ได้ดำเนินการ เกินเวลา
已处理，人工补单,已处理，人工补单,,ได้รับการดำเนินการแล้ว เติมแมนนวล
已补单,已补单,,ชดเชยสำเร็จ
玩家ID,玩家ID,,IDผู้เล่น
添加公告,添加公告,,เพิ่มประกาศ
标题,标题,,หัวเรื่อง
内容,内容,,เนื้อหา
启用,启用,,เปิดใช้
截止日期,截止日期,,วันที่สิ้นสุด
公告,公告,,ประกาศ
尺寸,尺寸,,ขนาด
文字,文字,,ข้อความ
请填写标题,请填写标题,,กรุณากรอกหัวเรื่อง
请选择类型,请选择类型,,กรุณาเลือกประเภท
请编辑内容,请编辑内容,,กรุณาแก้ไขเนื้อหา
请选择截止日期,请选择截止日期,,กรุณาเลือกวันที่สิ้นสุด
验证码,验证码,,รหัสOTP
查询结果,查询结果,,ผลการค้นหา
添加白名单,添加白名单,,เพิ่มWhite list
白名单,白名单,,White list
客服ID,客服ID,,IDแอดมิน
客服链接,客服链接,,ลิงค์แอดมิน
客服类型,客服类型,,ประเภทแอดมิน
上分,上分,,เติมเงิน
下分,下分,,ถอนเงิน
其他,其他,,อื่นๆ
请填写客服链接,请填写客服链接,,กรุณากรอกลิ้งค์ติดต่อแอดมิน
请选择客服类型,请选择客服类型,,กรุณาเลือกประเภทแอดมิน
添加菜单,添加菜单,,เพิ่มเมนู
菜单名称,菜单名称,,ชื่อเมนู
前端路由,前端路由,,Front-end routing
添加下级,添加下级,,เพิ่มสายล่าง
菜单,菜单,,เมนู
请填写菜单名,请填写菜单名,,กรุณากรอกชื่อเมนู
请填写备注,请填写备注,,กรุณาระบุหมายเหตุ
请填写前端路由,请填写前端路由,,กรุณากรอกFront-end routing
添加权限组,添加权限组,,เพิ่มกลุ่มสิทธิ์
权限名称,权限名称,,ชื่อสิทธิ์
设置权限,设置权限,,ตั้งค่าสิทธิ์
权限,权限,,สิทธิ์
请填写权限名称,请填写权限名称,,กรุณาระบุชื่อสิทธิ์
添加成功,添加成功,,เพิ่มสำเร็จ
添加管理员,添加管理员,,เพิ่มผู้ดูแลระบบ
权限ID,权限ID,,IDสิทธิ์
谷歌二维码,谷歌二维码,,QR Code Google
谷歌验证码,谷歌验证码,,รหัสยืนยันGoogle
有效标志,有效标志,,สัญลักษณ์ที่ถูกต้อง
管理员,管理员,,ผู้ดูแลระบบ
权限组,权限组,,กลุ่มสิทธิ์
请填写用户名,请填写用户名,,กรุณากรอกชื่อผู้ใช้
请选择权限组,请选择权限组,,กรุณาเลือกกลุ่มสิทธิ์
～找不到当前页面了～,～找不到当前页面了～,,～ไม่พบหน้าเว็บปัจจุบัน～
返回首页,返回首页,,กลับสู่หน้าหลัก
流水号不存在,流水号不存在,,ไม่พบเลขสเตทเม้น
无,无,,ไม่มี
系统判定恶意注册多帐号套利，再检测到即取消提款资格。,系统判定恶意注册多帐号套利，再检测到即取消提款资格。,,ระบบตรวจพบการลงทะเบียนหลายบัญชีที่ส่อเจตนาทุจริต หากตรวจพบอีกครั้ง ระบบจะยกเลิกสิทธิ์การถอนเงินทันที
"系统判定恶意注册多帐号套利,再检测到即封锁相关IP帐号。","系统判定恶意注册多帐号套利,再检测到即封锁相关IP帐号。",,"ระบบตรวจพบการลงทะเบียนหลายบัญชีที่ส่อเจตนาทุจริต หากตรวจพบอีกครั้ง ระบบจะบล็อกทุกIPที่เกี่ยวข้องทันที "
本次提款不符合平台替则，详情请联系客服。,本次提款不符合平台替则，详情请联系客服。,,การถอนเงินครั้งนี้ไม่เป็นไปตามกฎของแพลตฟอร์ม สอบถามรายละเอียดเพิ่มเติม โปรดติดต่อฝ่ายบริการลูกค้า
游戏列表,游戏列表,,รายการเกม
充值记录,充值记录,,ประวัติการเติม
提现记录,提现记录,,ประวัติการถอน
充值赠送,充值赠送,,ยอดแถมจากการเติม
金币小于10解锁锁金锁水。,金币小于10解锁锁金锁水。,,เมื่อยอดคงเหลือน้อยกว่า10เหรียญ ระบบจะปลดล็อคเทิร์น/ปลดล็อคเหรียญโดยอัตโนมัติ
中文名称,中文名称,Chinese name,ชื่อภาษาจีน
英文名称,英文名称,English name,ชื่อภาษาอังกฤษ
泰文名称,泰文名称,Thai name,ชื่อภาษาไทย
#add
#玩家管理
唯一标识,唯一标识,,โลโก้เฉพาะ
玩家id,玩家id,,ID ผู้เล่น
商户,商户,,ID ผู้เล่น
搜索,搜索,,ค้นหา
总投注,总投注,,เดิมพันทั้งหมด
总赢分,总赢分,,คะแนนชนะรวม
最后登录时间,最后登录时间,,เข้าสู่ระบบล่าสุด
注册时间,注册时间,,เวลาลงทะเบียน
Slot奖池,Slot奖池,,พอตรางวัลSlot
百人奖池,百人奖池,,พอตรางวัลคาสิโนสด
#游戏运行时
可视化图表,可视化图表,,ไอคอนแสดงภาพ
表格,表格,,ตาราง
7日总流水,7日总流水,,ยอดเทิร์นรวม 7 วัน
7日总产出,7日总产出,,ผลผลิตรวม 7 วัน
7日总回报率,7日总回报率,,ผลตอบแทนรวม 7 วัน
系统收益,系统收益,,ผลตอบแทนรวม 7 วัน
DAU双周分析,DAU双周分析,,วิเคราะห์ DAU ครึ่งเดือน
本月总流水,本月总流水,,ยอดเทิร์นรวมเดือนนี้
本月总产出,本月总产出,,ผลผลิตรวมเดือนนี้
本月总回报率,本月总回报率,,ผลตอบแทนรวมเดือนนี้
总押注双周分析,总押注双周分析,,วิเคราะห์เดิมพันระบบครึ่งเดือน
总流水,总流水,,ยอดเทิร์นรวม
总产出,总产出,,ผลผลิตรวม
总回报率,总回报率,,ผลตอบแทนรวม
系统收益双周分析,系统收益双周分析,,วิเคราะห์รายได้ระบบครึ่งเดือน
购买小游戏总押注双周分析,购买小游戏总押注双周分析,,วิเคราะห์เดิมพันซื้อมินิเกมรวมครึ่งเดือน
回报率双周分析,回报率双周分析,,วิเคราะห์ผลตอบแทนครึ่งเดือน
购买小游戏回报率双周分析,购买小游戏回报率双周分析,,วิเคราะห์อัตราตอบแทนซื้อมินิเกมครึ่งเดือน
玩家注册时间,玩家注册时间,,เวลาลงทะเบียนผู้เล่น
玩家最后登录时间,玩家最后登录时间,,เวลาเข้าสู่ระบบล่าสุดของผู้เล่น
##游戏运行时-end
投注,投注,,เดิมพัน
赢分,赢分,,คะแนนที่ชนะ
回报率,回报率,,อ้ตราชนะ
总共,总共,,ทั้งหมด
页,页,,หน้า
跳转至,跳转至,,ข้ามไปที่
日期,日期,,วันที่
游戏ID,游戏ID,,ID ผู้เล่น
游戏名称,游戏名称,,ชื่อเกม
游戏难度,游戏难度,,ความยากของเกม
收益,收益,,รายได้
活跃用户,活跃用户,,ผู้ใช้ที่ใช้งาน
有效用户,有效用户,,ผู้ใช้ที่มีประสิทธิภาพ
添加商户,添加商户,,เพิ่มผู้ให้บริการ
id,id,,ID
商户名称,商户名称,,ชื่อผู้ให้บริการ
修改,修改,,แก้ไข
添加,添加,,เพิ่ม
权限设置,权限设置,,ตั้งค่าการอนุญาต
备注,备注,,หมายเหตุ
添加菜单,添加菜单,,เพิ่มเมนู
菜单名称,菜单名称,,ชื่อเมนู
操作,操作,,ดำเนินการ
添加下级,添加下级,,เพิ่มสายล่าง
修改,修改,,แก้ไข
删除,删除,,ลบ
权限名称,权限名称,,ชื่อการอนุญาต
admin权限组,admin权限组,,กลุ่มสิทธิ์ admin
系统创建,系统创建,,สร้างโดยระบบ
默认权限组,默认权限组,,กลุ่มสิทธิ์ค่าเริ่มต้น
权限组,权限组,,กลุ่มสิทธิ์
设置,设置,,ติดตั้ง
用户名称,用户名称,,ชื่อผู้ใช้
添加管理员,添加管理员,,เพิ่มผู้ดูแล
用户名称,用户名称,,ชื่อผู้ใช้
谷歌二维码,谷歌二维码,,คิวอาร์โค้ด Google
谷歌验证码,谷歌验证码,,รหัสยืนยัน Google
有效标志,有效标志,,สัญลักษณ์ที่มีผล
下注,下注,,เดิมพัน
游戏id,游戏id,,ID ผู้เล่น
Name,Name,,ชื่อ-สกุล
投注时间,投注时间,,เวลาที่เดิมพัน
投注金额,投注金额,,เดิมพัน
赢分金额,赢分金额,,คะแนนที่ชนะ
投注日期,投注日期,,เวลาที่เดิมพัน
日期查询,日期查询,,ค้นหาวันที่
当前日期无数据
商户名称不能为空
请给商户管理员配置权限
交易订单号
货币
投注金额
玩家输赢金额
玩家余额
游戏管理后台,游戏管理后台

首页,首页,home,หน้าแรก

玩家管理,玩家管理,player management,การจัดการผู้เล่น
玩家信息,玩家信息,Player information,ข้อมูลผู้เล่น
玩家信息（商户）,玩家信息（商户）,Player information（for Operator）,ข้อมูลผู้เล่น (ผู้ให้บริการ)
数据统计,数据统计,Statistics,ข้อมูลสถิติ
玩家数据,玩家数据,Player data,ประวัติผู้เล่น
每日游戏详情,每日游戏详情,Daily game details,รายละเอียดเกมรายวัน
产品数据,产品数据,product data,ข้อมูลผลิตภัณฑ์
下注历史,下注历史,Betting history,ประวัติเดิมพัน
每日平台汇总,每日平台汇总,Daily platform summary,สรุปข้อมูลรายวัน
每月平台汇总,每月平台汇总,Monthly platform summary,สรุปข้อมูลรายเดือน
平台玩家汇总,平台玩家汇总,Summary of platform players,สรุปข้อมูลผู้เล่น
平台汇总,平台汇总,Platform summary,สรุปข้อมูล
slots生成,slots生成,slots generation,กำหนดค่า slots
配置文件,配置文件,Configuration file,ตั้งค่าข้อมูล
产品管理,产品管理,product management,การจัดการผลิตภัณฑ์
产品列表,产品列表,Product List,รายการสินค้า
游戏,游戏,game,เกม
后台管理,后台管理,Backstage management,การจัดการหลังบ้าน
商户维护,商户维护,Carrier maintenance,ปรับปรุงโดยผู้ให้บริการ
功能菜单维护,功能菜单维护,Maintenance of function menu,ปรับปรุงเมนูฟังก์ชัน
功能权限维护,功能权限维护,Function permission maintenance,ปรับปรุงสิทธิ์การใช้งาน
用户维护,用户维护,User maintenance,ปรับปรุงผู้เล่น
游戏运行时统计,游戏运行时统计,Game runtime statistics,สถิติการทำงานของเกม

玩家id和唯一标识必填其中一项,玩家id和唯一标识必填其中一项,,จำเป็นต้องระบุ ID หรือ สัญลักษณ์อย่างใดอย่างหนึ่งเท่านั้น
当前日期无数据,当前日期无数据,,ปัจจุบันไม่มีข้อมูล
请给商户管理员配置权限,请给商户管理员配置权限,,โปรดอนุญาตการกำหนดค่าให้ผู้บริการ
请填写前端路由,请填写前端路由,,โปรดกรอก front-end routing
请填写名称,请填写名称,,กรุณากรอกชื่อ!
请填写权限名称,请填写权限名称,,กรุณากรอกชื่อการอนุญาต!
请选择商户,请选择商户,,กรุณาเลือกผู้ให้บริการ!
交易订单号,交易订单号,,หมายเลขคำสั่งซื้อ
货币,货币,,สกุลเงิน
投注金额,投注金额,,ยอดเงินเดิมพัน
玩家输赢金额,玩家输赢金额,,ยอดชนะและยอดเสียของผู้เล่น
玩家余额,玩家余额,,ยอดคงเหลือผู้เล่น
新玩家数量,新玩家数量,,จำนวนผู้เล่นใหม่
投注次数,投注次数,,จำนวนครั้งที่เดิมพัน
回合次数,回合次数,,จำนวนรอบ
总赢得金额,总赢得金额,,ยอดเงินที่ชนะทั้งหมด
玩家输赢,玩家输赢,,ผู้เล่นแพ้ชนะ
玩家输赢占比,玩家输赢占比,,อัตราส่วนชนะ/แพ้ของผู้เล่น
公司输赢,公司输赢,,บริษัทแพ้ชนะ
公司输赢占比,公司输赢占比,,อัตราส่วนชนะ/สูญเสียบริษัท
投注月份,投注月份,,เดิมพันต่อเดือน
增幅,增幅,,เพิ่มขึ้น
轻度,轻度,,น้อยลง
中度,中度,,ปานกลาง
重度,重度,,รุนแรง
简单,简单,,เรียบง่าย
一般,一般,,ทั่วไป
困难,困难,,ยาก
本周DAU,本周DAU,,DAU สัปดาห์นี้
上周DAU,上周DAU,,DAU สัปดาห์ก่อน
本周总押分,本周总押分,,ยอดรวมเดิมพันสัปดาห์นี้
上周总押分,上周总押分,,ยอดรวมเดิมพันสัปดาห์ก่อน
本周系统收益,本周系统收益,,รายได้ของระบบสัปดาห์นี้
上周系统收益,上周系统收益,,รายได้ของระบบสัปดาห์ก่อน
本周购买小游戏总押注,本周购买小游戏总押注,,เดิมพันรวมการซื้อมินิเกมสัปดาห์นี้
上周购买小游戏总押注,上周购买小游戏总押注,,เดิมพันรวมการซื้อมินิเกมสัปดาห์ก่อน
本周回报率,本周回报率,,ผลตอบแทนสัปดาห์นี้
上周回报率,上周回报率,,ผลตอบแทนสัปดาห์ก่อน
本周购买小游戏回报率,本周购买小游戏回报率,,ผลตอบแทนการซื้อมินิเกมในสัปดาห์นี้
上周购买小游戏回报率,上周购买小游戏回报率,,ผลตอบแทนการซื้อมินิเกมในสัปดาห์ก่อน
序号,序号,,ลำดับ
拉霸游戏,拉霸游戏,,เกมสล็อต
百人游戏,百人游戏,,เกมคาสิโนสด
